No,Student ID,First name,Last name,Gender, Date of Birth,Social ID
1,22170326,Henrietta,F. Jonathan,F,22/4,092263499031
2,22121367,Adrianna,U. Benson,F,4/6,092217948344
3,22196746,Valentin,Z. Margery,F,14/10,092251066524
4,22133349,Coleman,T. Bryan,M,28/1,092276519585
5,22191494,Maddox,F. Tours,M,17/5,092263431205
6,22130230,Erick,J. Walkley,F,26/2,092284206658
7,22106484,Xenia,S. Malachi,F,26/2,092272785132
8,22109416,Knox,W. DeQuincey,F,15/12,092261237030
9,22152167,Ann,M. Vaughan,M,7/7,092201915234
10,22182125,Kirk,E. Cowper,F,2/2,092261715483
11,22135751,Williamson,C. Tomlinson,F,5/2,092299172076
12,22171126,Chana,C. Wild,F,5/2,092248243939
13,22148971,Elian,O. Zacharias,M,7/1,092276269915
14,22177615,Nettie,Z. Philip,M,7/1,092244250372
15,22163601,Izaiah,B. Tours,M,7/1,092215931331
16,22122912,Cameron,N. Perkin,M,7/1,092207491013
17,22162964,Jenkins,E. Bill,M,10/1,092236279185
18,22149381,Messiah,N. Bartlett,M,10/1,092218903379
19,22111686,Xaviell,J. Spenser,M,10/1,092261041021
20,22145579,Victor,R. Jefferson,F,2/8,092294686171
21,22136722,Verna,R. Rutherford,F,8/8,092227653590
22,22148394,Henrik,X. Thomson,M,29/3,092239160567
23,22176898,Quint,D. Geordie,M,29/3,092211549782
24,22151558,Salvador,F. Dan,M,15/1,092200540816
25,22120742,Graysen,R. Christopher,M,15/1,092249179312
26,22196024,Addyson,Q. Anna,M,15/1,092200260561
27,22120085,Joziah,H. Wilhelmina,M,15/1,092272148767
28,22127406,Dillon,W. Armstrong,M,15/1,092237398201
29,22174290,Jimmy,X. Henry,M,15/1,092251607255
30,22186840,Zena,V. Sonmerfield,M,15/1,092273488898
31,22170037,Renee,D. Temple,M,3/3,092203007439
32,22183052,Blake,B. Ramirez,M,3/3,092247744308
33,22196188,Zoila,U. Ricardo,M,3/3,092280651304
34,22121822,Kristi,J. Morris,F,24/10,092291949236
35,22178956,Harvey,T. Antonia,F,27/10,092221091831
36,22198556,Juanita,H. Maria,F,27/10,092263397791
37,22108348,Jayleen,T. Wyld,F,27/10,092241702140
38,22145811,Remy,F. Hudson,F,27/10,092296054325
39,22150664,Becky,Z. Landon,F,27/10,092250945525
40,22141921,Ellen,X. Kingsley,M,29/9,092297373431
41,22199516,Virgilio,Q. Hansom,M,29/9,092276343353
42,22160037,Freda,B. Meredith,M,29/9,092251931056
43,22150745,Luciano,W. Timothy,F,16/8,092299039982
44,22188380,Barrett,J. Galbraith,M,11/9,092247309500
45,22118651,Kira,K. Mary,F,3/4,092282944542
46,22115662,Zak,Z. Noah,M,27/11,092292248943
47,22159148,Remington,V. Halifax,F,9/4,092266511804
48,22196012,Arden,Y. Cook,M,16/9,092212399332
49,22108692,Cooper,M. DuBois,F,3/10,092263398681
50,22168954,Oakley,S. Christ,M,16/3,092223138495
51,22124436,Ernesto,V. Walker,F,25/12,092273049307
52,22144865,Amina,Y. Beaufort,F,11/10,092260389457
53,22198320,Sebastian,T. Haydn,F,4/6,092296196379
54,22134546,Preston,R. Gold,F,14/10,092275456159
55,22189156,Aurelia,I. Beck,F,14/10,092277354194
56,22162313,Amiya,O. Dewar,F,14/10,092245038136
57,22139627,Lexie,A. Scripps,F,14/10,092287413628
58,22128187,Belen,B. Esther,M,6/5,092261374560
59,22101116,Poppy,X. Shakespeare,M,6/5,092207765401
60,22159684,Matthew,Y. Archibald,M,6/5,092272706285
61,22179133,Daniela,L. Dupont,M,6/5,092284292823
62,22114566,Willa,Z. Edie,M,6/5,092205798045
63,22142756,Hudson,B. Edie,M,25/7,092284044431
64,22180812,Geraldine,R. Gallup,M,28/7,092273371786
65,22111201,Quinci,J. Austin,M,9/11,092293433453
66,22195055,Armani,R. Melville,M,2/7,092260136296
67,22164221,Armando,F. Hill,M,2/7,092230662042
68,22133093,Haylee,B. Will,M,2/7,092240718505
69,22122802,Teresa,M. Jeames,M,2/7,092281480034
70,22146861,Ridge,K. Attlee,M,2/7,092227319265
71,22158525,Izaiah,K. Sanders,M,17/5,092239594031
72,22121034,Destiny,T. Gibbon,M,17/5,092258557636
73,22103803,Terrance,W. Susan,F,4/6,092288012695
74,22168094,Urias,P. Felton,F,4/6,092251870490
75,22193295,Orion,X. Joyce,F,26/2,092275734843
76,22138361,Ula,Z. Arabella,F,26/2,092211865123
77,22183637,Shannon,H. Elizabeth,F,12/12,092224130801
78,22146029,Jackson,M. Bryan,F,12/12,092220370653
79,22154582,Iliana,J. Rudolf,M,17/11,092208778694
80,22123214,Loretta,N. Blake,M,17/11,092233805947
81,22170296,Qeleigh,S. Dunbar,F,9/6,092200491604
82,22131910,Mack,K. Rudolf,F,26/8,092222634652
83,22150697,Valentina,N. Joe,F,12/6,092299481243
84,22180145,Rogelio,H. Conrad,M,4/1,092268243332
85,22146431,Helene,D. Lopez,F,15/6,092219947598
86,22182832,Charlie,Q. Dutt,M,7/1,092296334715
87,22157087,Harry,V. Wheatley,M,7/7,092299138998
88,22112315,Anika,K. Cissie,M,10/7,092223787872
89,22155151,Gregory,W. Haydn,F,2/2,092285303490
90,22123097,Darian,T. Raymond,F,13/8,092236890556
91,22179575,Sally,H. Walton,M,29/9,092273790960
92,22143274,Luis,X. Sara(h),F,13/8,092294927194
93,22110662,Gladys,J. Malory,M,29/9,092246503525
94,22117280,Alivia,M. Charley,M,15/7,092257244965
95,22131705,Elias,B. Eliot,M,15/7,092223762448
96,22122280,Tiana,D. Bartholomew,M,3/9,092244828939
97,22149045,Max,I. Milton,M,3/9,092227192199
98,22125479,Zayd,N. Camp,M,15/7,092227502795
99,22132790,Theodore,T. Eddie,M,3/9,092269844169
100,22128828,Olga,C. Zechariah,F,16/2,092292295996
